{
  "totalResults": 32,
  "videos": [
    {
      "title": "Chicken Carbonara: easy, creamy chicken pasta recipe! | The Recipe Rebel",
      "shortTitle": "Chicken Carbonara: easy, creamy chicken pasta recipe",
      "youTubeId": "UHmi4J2Elwo",
      "rating": 1.0,
      "views": 175,
      "thumbnail": "https://i.ytimg.com/vi/UHmi4J2Elwo/hqdefault.jpg",
      "length": 85
    },
    {
      "title": "Creamy BACON Florentine Pasta",
      "shortTitle": "Creamy BACON Florentine Pasta",
      "youTubeId": "Vlte2O8Tl40",
      "rating": 0.9861415,
      "views": 15873,
      "thumbnail": "https://i.ytimg.com/vi/Vlte2O8Tl40/hqdefault.jpg",
      "length": 222
    },
    {
      "title": "Sun Dried Tomato Chicken Pasta",
      "shortTitle": "Sun Dried Tomato Chicken Pasta",
      "youTubeId": "TkQnhPz7Zi4",
      "rating": 0.9887955,
      "views": 4784,
      "thumbnail": "https://i.ytimg.com/vi/TkQnhPz7Zi4/hqdefault.jpg",
      "length": 403
    },
    {
      "title": "Creamy Chicken and Bacon Pasta",
      "shortTitle": "Creamy Chicken and Bacon Pasta",
      "youTubeId": "pYRhvJw8GEQ",
      "rating": 0.98367345,
      "views": 1959,
      "thumbnail": "https://i.ytimg.com/vi/pYRhvJw8GEQ/hqdefault.jpg",
      "length": 144
    },
    {
      "title": "Fresh Spinach Pasta - Food Wishes",
      "shortTitle": "Fresh Spinach Pasta",
      "youTubeId": "bbTnby-sOEs",
      "rating": 0.9802068,
      "views": 360824,
      "thumbnail": "https://i.ytimg.com/vi/bbTnby-sOEs/hqdefault.jpg",
      "length": 697
    },
    {
      "title": "Chicken Pesto Pasta | The Recipe Rebel",
      "shortTitle": "Chicken Pesto Pasta",
      "youTubeId": "WqExPl1nhBc",
      "rating": 1.0,
      "views": 63,
      "thumbnail": "https://i.ytimg.com/vi/WqExPl1nhBc/hqdefault.jpg",
      "length": 80
    },
    {
      "title": "ONE POT BBQ Chicken Pasta | The Recipe Rebel",
      "shortTitle": "ONE POT BBQ Chicken Pasta",
      "youTubeId": "KZ6fvozgdCA",
      "rating": 0.95238096,
      "views": 1157,
      "thumbnail": "https://i.ytimg.com/vi/KZ6fvozgdCA/hqdefault.jpg",
      "length": 92
    },
    {
      "title": "Creamy Lemon Chicken Pasta + Super Easy Sauce",
      "shortTitle": "Creamy Lemon Chicken Pasta + Super Easy Sauce",
      "youTubeId": "YPgoUhZwfFA",
      "rating": 0.9883544,
      "views": 346386,
      "thumbnail": "https://i.ytimg.com/vi/YPgoUhZwfFA/hqdefault.jpg",
      "length": 389
    },
    {
      "title": "Pasta e Fagioli | Better than Olive Garden's |",
      "shortTitle": "Pasta e Fagioli",
      "youTubeId": "GWCoMFqxoU4",
      "rating": 0.94132656,
      "views": 10638,
      "thumbnail": "https://i.ytimg.com/vi/GWCoMFqxoU4/hqdefault.jpg",
      "length": 228
    },
    {
      "title": "ONE POT Chicken Pesto Pasta | The Recipe Rebel",
      "shortTitle": "ONE POT Chicken Pesto Pasta",
      "youTubeId": "_L6IdtQ6M3o",
      "rating": 0.9230769,
      "views": 134,
      "thumbnail": "https://i.ytimg.com/vi/_L6IdtQ6M3o/hqdefault.jpg",
      "length": 78
    }
  ]
}